date,spy,qqq,dbc,agg,gld,cash
2018-01-17,0.4415146,0.11159819,0.11160215,0.1115981,0.11160593,0.11208099
2018-01-18,0.1090085,0.10900697,0.4473032,0.109005466,0.10901174,0.11666413
2018-01-19,0.44152805,0.11159598,0.111599915,0.11159589,0.11160367,0.11207654
2018-01-22,0.44121656,0.11164768,0.11165203,0.111647576,0.111656204,0.11217999
2018-01-23,0.10950353,0.10950192,0.4443428,0.10950032,0.10950697,0.11764443
2018-01-24,0.11867754,0.40148407,0.11872608,0.11866006,0.118684016,0.12376825
2018-01-25,0.118848816,0.40049812,0.11889853,0.1188309,0.11885545,0.12406813
2018-01-26,0.09568286,0.095737815,0.095702246,0.09567785,0.51967317,0.09752606
2018-01-29,0.119165756,0.398672,0.11921773,0.11914704,0.11917269,0.12462478
2018-01-30,0.09612631,0.09618666,0.096147604,0.09612082,0.5172665,0.09815213
2018-01-31,0.4394532,0.11194009,0.11194685,0.11193992,0.111953296,0.11276669
2018-02-01,0.11925579,0.39815295,0.1193084,0.119236834,0.1192628,0.12478331
2018-02-02,0.09753798,0.09761583,0.09756545,0.097530894,0.50959134,0.10015851
2018-02-05,0.11559985,0.11723058,0.11593666,0.25410277,0.115574054,0.28155616
2018-02-06,0.11559985,0.11723058,0.11593666,0.25410277,0.115574054,0.28155616
2018-02-07,0.102143645,0.10228226,0.10219255,0.10213104,0.48439863,0.10685196
2018-02-08,0.10352723,0.10368524,0.10358297,0.10351287,0.47678274,0.108908966
2018-02-09,0.106216125,0.106413394,0.10628571,0.10619819,0.46191514,0.11297141
2018-02-12,0.11957428,0.39631495,0.11962915,0.119554505,0.11958159,0.12534556
2018-02-13,0.11104746,0.111045554,0.43506128,0.11104366,0.11105156,0.12075046
2018-02-14,0.11058772,0.1108535,0.11068145,0.110563576,0.43754312,0.11977069
2018-02-15,0.10903371,0.10927445,0.10911862,0.10901184,0.44623655,0.117324896
2018-02-16,0.44007382,0.11183722,0.111843124,0.111837074,0.111848764,0.11255995
2018-02-20,0.44058046,0.11175321,0.11175843,0.11175308,0.111763425,0.1123914
2018-02-21,0.44050148,0.111766316,0.11177164,0.11176618,0.111776724,0.112417646
2018-02-22,0.11919967,0.3984765,0.11925188,0.11918086,0.11920663,0.124684475
2018-02-23,0.10051968,0.10063622,0.10056081,0.10050909,0.4933088,0.10446537
2018-02-26,0.11050518,0.110503376,0.43832988,0.11050157,0.11050903,0.11965097
2018-02-27,0.11937439,0.39746878,0.119427845,0.11935513,0.1193815,0.12499239
2018-02-28,0.096826166,0.096895136,0.0968505,0.0968199,0.51346403,0.099144265
2018-03-01,0.44036546,0.11178887,0.111794375,0.111788735,0.11179965,0.11246291
2018-03-02,0.11559985,0.11723058,0.11593666,0.25410277,0.115574054,0.28155616
2018-03-05,0.0980157,0.09809959,0.09804531,0.09800808,0.5069891,0.1008422
2018-03-06,0.11559985,0.11723058,0.11593666,0.25410277,0.115574054,0.28155616
2018-03-07,0.09867826,0.098770626,0.09871085,0.098669864,0.50337607,0.10179435
2018-03-08,0.11176508,0.11176303,0.43072146,0.11176099,0.11176946,0.12222001
2018-03-09,0.44230047,0.11146768,0.11147058,0.111467615,0.11147332,0.11182032
2018-03-12,0.44242793,0.11144651,0.11144924,0.11144644,0.11145183,0.11177808
2018-03-13,0.11559985,0.11723058,0.11593666,0.25410277,0.115574054,0.28155616
2018-03-14,0.11559985,0.11723058,0.11593666,0.25410277,0.115574054,0.28155616
2018-03-15,0.11559985,0.11723058,0.11593666,0.25410277,0.115574054,0.28155616
2018-03-16,0.11886461,0.40040717,0.118914455,0.118846655,0.11887125,0.12409583
2018-03-19,0.11559985,0.11723058,0.11593666,0.25410277,0.115574054,0.28155616
2018-03-20,0.11877907,0.40089965,0.11882831,0.11876133,0.11878564,0.12394596
2018-03-21,0.09686024,0.09692961,0.09688471,0.09685392,0.5132788,0.09919268
2018-03-22,0.09735308,0.097428605,0.09737973,0.09734621,0.51059777,0.099894546
2018-03-23,0.44265303,0.1114091,0.1114115,0.11140903,0.11141379,0.11170347
2018-03-26,0.11559985,0.11723058,0.11593666,0.25410277,0.115574054,0.28155616
2018-03-27,0.110577755,0.11057594,0.43789303,0.110574126,0.110581644,0.11979756
2018-03-28,0.11559985,0.11723058,0.11593666,0.25410277,0.115574054,0.28155616
2018-03-29,0.10655925,0.106761664,0.10663063,0.10654084,0.46001145,0.113496155
2018-04-02,0.10690206,0.10710968,0.10697529,0.10688319,0.4581079,0.11402192
2018-04-03,0.11939159,0.3973694,0.11944518,0.1193723,0.11939874,0.12502277
2018-04-04,0.10865984,0.10889466,0.108742654,0.10863849,0.44832313,0.1167413
2018-04-05,0.11031288,0.11031111,0.43948662,0.110309355,0.110316664,0.11926332
2018-04-06,0.1055048,0.10569148,0.10557065,0.10548784,0.465857,0.11188821
2018-04-09,0.11559985,0.11723058,0.11593666,0.25410277,0.115574054,0.28155616
2018-04-10,0.44277748,0.111388415,0.11139066,0.11138836,0.111392796,0.11166228
2018-04-11,0.11008018,0.11007846,0.44088498,0.11007675,0.11008386,0.118795775
2018-04-12,0.09789983,0.09798224,0.09792891,0.09789233,0.5076206,0.10067615
2018-04-13,0.44293025,0.11136304,0.11136507,0.111362986,0.111367024,0.11161172
2018-04-16,0.09615751,0.096218236,0.09617894,0.096151985,0.5170971,0.09819625
2018-04-17,0.11559985,0.11723058,0.11593666,0.25410277,0.115574054,0.28155616
2018-04-18,0.11559985,0.11723058,0.11593666,0.25410277,0.115574054,0.28155616
2018-04-19,0.117931835,0.40576914,0.11797519,0.11791621,0.11793762,0.12246997
2018-04-20,0.108696766,0.1086953,0.44916365,0.108693846,0.10869988,0.11605059
2018-04-23,0.11559985,0.11723058,0.11593666,0.25410277,0.115574054,0.28155616
2018-04-24,0.11808168,0.404909,0.11812608,0.11806569,0.1180876,0.12272991
2018-04-25,0.095638536,0.095692955,0.095657736,0.09563359,0.51991355,0.09746359
2018-04-26,0.11559985,0.11723058,0.11593666,0.25410277,0.115574054,0.28155616
2018-04-27,0.097197816,0.0972714,0.09722377,0.09719112,0.5114428,0.09967315
2018-04-30,0.44059768,0.11175036,0.11175556,0.11175023,0.11176052,0.11238568
2018-05-01,0.44055033,0.1117582,0.11176346,0.11175807,0.11176849,0.11240138
2018-05-02,0.44052643,0.111762196,0.111767486,0.11176206,0.11177254,0.11240938
2018-05-03,0.11920042,0.39847207,0.11925264,0.11918161,0.11920739,0.124685794
2018-05-04,0.112134136,0.11213201,0.42848277,0.1121299,0.11213868,0.122982435
2018-05-07,0.11559985,0.11723058,0.11593666,0.25410277,0.115574054,0.28155616
2018-05-08,0.11559985,0.11723058,0.11593666,0.25410277,0.115574054,0.28155616
2018-05-09,0.11559985,0.11723058,0.11593666,0.25410277,0.115574054,0.28155616
2018-05-10,0.118644804,0.4016724,0.11869312,0.118627414,0.118651256,0.12371101
2018-05-11,0.11844687,0.4028109,0.1184938,0.11842997,0.11845313,0.123365365
2018-05-14,0.11820013,0.40422878,0.11824535,0.118183844,0.118206166,0.1229357
2018-05-15,0.4431921,0.1113195,0.11132117,0.11131945,0.11132278,0.11152503
2018-05-16,0.09497332,0.09501974,0.094989695,0.094969094,0.5235197,0.09652845
2018-05-17,0.4430655,0.111340515,0.11134238,0.11134047,0.11134416,0.11156689
2018-05-18,0.09447363,0.09451414,0.09448792,0.09446994,0.52622545,0.0958289
2018-05-21,0.11771612,0.40700653,0.117758,0.11770104,0.11772171,0.12209661
2018-05-22,0.44275218,0.11139261,0.11139489,0.11139256,0.11139706,0.11167065
2018-05-23,0.11559985,0.11723058,0.11593666,0.25410277,0.115574054,0.28155616
2018-05-24,0.095312685,0.09536318,0.0953305,0.09530809,0.52168065,0.09700496
2018-05-25,0.11069921,0.11069735,0.43716145,0.110695526,0.11070315,0.120043285
2018-05-29,0.1182333,0.4040383,0.118278734,0.118216924,0.11823935,0.12299338
2018-05-30,0.11831033,0.4035956,0.11835631,0.11829377,0.11831647,0.12312745
2018-05-31,0.09791196,0.09799454,0.0979411,0.09790446,0.5075544,0.10069352
2018-06-01,0.09825096,0.098337844,0.098281614,0.09824306,0.5057068,0.10117974
2018-06-04,0.098428175,0.09851733,0.09845962,0.09842006,0.5047405,0.10143438
2018-06-05,0.11559985,0.11723058,0.11593666,0.25410277,0.115574054,0.28155616
2018-06-06,0.0979681,0.098051384,0.09799748,0.097960524,0.5072486,0.100773945
2018-06-07,0.11559985,0.11723058,0.11593666,0.25410277,0.115574054,0.28155616
2018-06-08,0.0970428,0.09711445,0.09706809,0.09703629,0.512286,0.09945239
2018-06-11,0.096505836,0.096570835,0.09652876,0.09649992,0.5152052,0.09868953
2018-06-12,0.11849039,0.40256074,0.118537605,0.11847337,0.11849668,0.12344127
2018-06-13,0.4432876,0.111303605,0.11130515,0.11130356,0.11130664,0.1114934
2018-06-14,0.095483124,0.095535666,0.09550167,0.09547834,0.5207565,0.097244725
2018-06-15,0.44301084,0.11134962,0.11135155,0.11134957,0.1113534,0.11158501
2018-06-18,0.11559985,0.11723058,0.11593666,0.25410277,0.115574054,0.28155616
2018-06-19,0.1092804,0.10927884,0.44567803,0.10927727,0.10928376,0.11720168
2018-06-20,0.11559985,0.11723058,0.11593666,0.25410277,0.115574054,0.28155616
2018-06-21,0.10985218,0.1098505,0.4422534,0.10984884,0.10985578,0.11833933
2018-06-22,0.44305283,0.11134265,0.111344524,0.1113426,0.11134631,0.11157112
2018-06-25,0.4429824,0.11135435,0.11135632,0.1113543,0.111358196,0.111594416
2018-06-26,0.44293395,0.11136241,0.11136444,0.11136235,0.11136637,0.11161046
2018-06-27,0.44292492,0.11136392,0.11136596,0.11136386,0.11136791,0.111613475
2018-06-28,0.44300735,0.11135022,0.111352146,0.11135017,0.11135399,0.111586176
2018-06-29,0.11948822,0.39681193,0.11954247,0.11946867,0.119495444,0.12519339
2018-07-02,0.44300172,0.11135114,0.111353084,0.11135109,0.11135492,0.11158803
2018-07-03,0.11923596,0.39826715,0.11928842,0.11921707,0.119242966,0.124748394
2018-07-05,0.11559985,0.11723058,0.11593666,0.25410277,0.115574054,0.28155616
2018-07-06,0.11147244,0.111470446,0.43249306,0.11146848,0.11147671,0.12161875
2018-07-09,0.11891158,0.40013668,0.11896176,0.11889351,0.11891827,0.1241782
2018-07-10,0.11559985,0.11723058,0.11593666,0.25410277,0.115574054,0.28155616
2018-07-11,0.11559985,0.11723058,0.11593666,0.25410277,0.115574054,0.28155616
2018-07-12,0.09730461,0.09737954,0.097331055,0.09729781,0.5108615,0.09982544
2018-07-13,0.4434762,0.11127224,0.11127356,0.11127221,0.11127479,0.11143105
2018-07-16,0.10966379,0.10966216,0.44338277,0.10966053,0.109667316,0.1179634
2018-07-17,0.109683044,0.1096814,0.4432676,0.10967976,0.10968656,0.11800172
2018-07-18,0.118542925,0.40225863,0.11859051,0.11852579,0.11854927,0.12353298
2018-07-19,0.11559985,0.11723058,0.11593666,0.25410277,0.115574054,0.28155616
2018-07-20,0.10996038,0.109958686,0.44160423,0.109956995,0.10996403,0.11855575
2018-07-23,0.11559985,0.11723058,0.11593666,0.25410277,0.115574054,0.28155616
2018-07-24,0.1104444,0.1104426,0.43869564,0.11044083,0.11044823,0.119528316
2018-07-25,0.11068276,0.110680915,0.43726048,0.1106791,0.1106867,0.12000998
2018-07-26,0.11559985,0.11723058,0.11593666,0.25410277,0.115574054,0.28155616
2018-07-27,0.110999696,0.1109978,0.4353496,0.1109959,0.11100376,0.12065322
2018-07-30,0.11876657,0.40097168,0.11881572,0.11874886,0.11877312,0.12392405
2018-07-31,0.11559985,0.11723058,0.11593666,0.25410277,0.115574054,0.28155616
2018-08-01,0.11559985,0.11723058,0.11593666,0.25410277,0.115574054,0.28155616
2018-08-02,0.09971513,0.099820994,0.09975247,0.0997055,0.49771217,0.103293814
2018-08-03,0.4419085,0.1115328,0.11153621,0.11153271,0.111539476,0.111950286
2018-08-06,0.118627876,0.40176997,0.11867606,0.11861051,0.11863429,0.12368139
2018-08-07,0.11846238,0.40272167,0.118509404,0.11844544,0.11846866,0.12339242
2018-08-08,0.11040654,0.110404775,0.43892333,0.110402994,0.11041036,0.11945199
2018-08-09,0.11559985,0.11723058,0.11593666,0.25410277,0.115574054,0.28155616
2018-08-10,0.098095044,0.09817994,0.098125,0.09808732,0.50655675,0.100955956
2018-08-13,0.117868476,0.40613267,0.11791139,0.11785301,0.1178742,0.12236021
2018-08-14,0.09788569,0.09796793,0.0979147,0.09787821,0.5076976,0.10065588
2018-08-15,0.10987234,0.10987064,0.44213244,0.10986899,0.10987594,0.118379615
2018-08-16,0.11559985,0.11723058,0.11593666,0.25410277,0.115574054,0.28155616
2018-08-17,0.11559985,0.11723058,0.11593666,0.25410277,0.115574054,0.28155616
2018-08-20,0.1181453,0.40454367,0.11819013,0.118129164,0.118151285,0.12284039
2018-08-21,0.11559985,0.11723058,0.11593666,0.25410277,0.115574054,0.28155616
2018-08-22,0.09864295,0.09873486,0.09867538,0.09863459,0.5035687,0.101743475
2018-08-23,0.11848769,0.40257606,0.1185349,0.11847069,0.11849399,0.123436585
2018-08-24,0.11559985,0.11723058,0.11593666,0.25410277,0.115574054,0.28155616
2018-08-27,0.11559985,0.11723058,0.11593666,0.25410277,0.115574054,0.28155616
2018-08-28,0.099452764,0.09955517,0.099488884,0.09944344,0.49914643,0.10291328
2018-08-29,0.4429306,0.11136296,0.11136499,0.111362904,0.11136694,0.111611575
2018-08-30,0.44277576,0.111388706,0.11139095,0.11138864,0.1113931,0.111662835
2018-08-31,0.44264677,0.11141013,0.11141255,0.11141007,0.11141486,0.11170554
2018-09-04,0.09897127,0.09906743,0.09900519,0.09896253,0.5017767,0.102216914
2018-09-05,0.11875762,0.4010232,0.11880672,0.11873995,0.118764184,0.123908386
2018-09-06,0.11861847,0.4018239,0.11866659,0.118601136,0.118624896,0.123664975
2018-09-07,0.098795034,0.098888904,0.09882816,0.0987865,0.5027388,0.10196264
2018-09-10,0.098701745,0.098794416,0.098734446,0.098693326,0.503248,0.10182817
2018-09-11,0.44247037,0.11143945,0.11144211,0.111439385,0.111444645,0.111764
2018-09-12,0.44244543,0.11144361,0.11144631,0.11144354,0.11144887,0.1117723
2018-09-13,0.0988146,0.098908715,0.09884779,0.09880603,0.502632,0.101990834
2018-09-14,0.09897047,0.099066615,0.0990044,0.09896173,0.50178105,0.10221576
2018-09-17,0.117951505,0.40565625,0.117995,0.11793584,0.11795731,0.122504056
2018-09-18,0.10860908,0.10860764,0.4496863,0.108606204,0.10861217,0.11587857
2018-09-19,0.44249913,0.11143468,0.11143729,0.111434616,0.111439794,0.11175446
2018-09-20,0.44232225,0.11146406,0.11146692,0.111463994,0.11146966,0.11181309
2018-09-21,0.11559985,0.11723058,0.11593666,0.25410277,0.115574054,0.28155616
2018-09-24,0.44204015,0.11151095,0.11151419,0.111510865,0.111517265,0.11190665
2018-09-25,0.10898921,0.108987704,0.44741818,0.10898619,0.10899246,0.11662611
2018-09-26,0.4419089,0.11153271,0.11153614,0.111532636,0.1115394,0.111950144
2018-09-27,0.11559985,0.11723058,0.11593666,0.25410277,0.115574054,0.28155616
2018-09-28,0.4417839,0.111553505,0.11155708,0.11155341,0.11156051,0.11199164
2018-10-01,0.11559985,0.11723058,0.11593666,0.25410277,0.115574054,0.28155616
2018-10-02,0.10038607,0.10050081,0.10042655,0.10037563,0.49404067,0.104270294
2018-10-03,0.11844179,0.40284008,0.118488684,0.11842491,0.11844804,0.12335652
2018-10-04,0.118399076,0.40308568,0.11844566,0.11838229,0.11840528,0.12328202
2018-10-05,0.100419596,0.10053478,0.10046023,0.10040912,0.4938571,0.10431922
2018-10-08,0.10080509,0.10092545,0.10084756,0.100794144,0.49174517,0.10488267
2018-10-09,0.44175795,0.1115578,0.11156142,0.11155771,0.11156488,0.11200025
2018-10-10,0.100779966,0.1009,0.100822315,0.100769065,0.49188277,0.104845904
2018-10-11,0.10909106,0.10908952,0.44681004,0.109088,0.10909434,0.11682712
2018-10-12,0.11791852,0.40584552,0.11796179,0.117902935,0.11792428,0.12244688
2018-10-15,0.44153887,0.11159418,0.1115981,0.11159409,0.11160184,0.11207295
2018-10-16,0.10777237,0.10777109,0.45466354,0.1077698,0.10777513,0.114248134
2018-10-17,0.11559985,0.11723058,0.11593666,0.25410277,0.115574054,0.28155616
2018-10-18,0.10519201,0.105374075,0.10525624,0.10517546,0.4675884,0.11141384
2018-10-19,0.11559985,0.11723058,0.11593666,0.25410277,0.115574054,0.28155616
2018-10-22,0.11842112,0.40295902,0.11846785,0.11840428,0.11842734,0.123320445
2018-10-23,0.11559985,0.11723058,0.11593666,0.25410277,0.115574054,0.28155616
2018-10-24,0.44249418,0.1114355,0.111438125,0.111435436,0.111440636,0.11175613
2018-10-25,0.44249374,0.11143558,0.1114382,0.11143551,0.1114407,0.11175625
2018-10-26,0.10687777,0.10708503,0.106950864,0.10685893,0.45824283,0.11398461
2018-10-29,0.44226423,0.11147371,0.11147666,0.11147364,0.111479454,0.111832336
2018-10-30,0.108473204,0.10847178,0.45049596,0.10847037,0.10847625,0.1156124
2018-10-31,0.10876614,0.10876467,0.44874972,0.1087632,0.1087693,0.1161869
2018-11-01,0.109092,0.10909047,0.4468043,0.10908894,0.10909529,0.116828986
2018-11-02,0.109160066,0.109158516,0.44639763,0.10915698,0.10916337,0.11696349
2018-11-05,0.11559985,0.11723058,0.11593666,0.25410277,0.115574054,0.28155616
2018-11-06,0.4416535,0.11157516,0.11157892,0.11157507,0.11158251,0.11203493
2018-11-07,0.1202086,0.39264748,0.12026805,0.12018717,0.12021652,0.12647216
2018-11-08,0.11999105,0.39390638,0.12004892,0.119970195,0.11999876,0.12608474
2018-11-09,0.09716146,0.09723459,0.09718727,0.09715481,0.5116405,0.09962138
2018-11-12,0.11559985,0.11723058,0.11593666,0.25410277,0.115574054,0.28155616
2018-11-13,0.09552714,0.09558021,0.095545866,0.095522314,0.5205178,0.09730669
2018-11-14,0.10923488,0.10923331,0.44595036,0.109231755,0.1092382,0.1171115
2018-11-15,0.11559985,0.11723058,0.11593666,0.25410277,0.115574054,0.28155616
2018-11-16,0.12044011,0.39130664,0.12050124,0.12041808,0.12044826,0.12688565
2018-11-19,0.12034243,0.39187258,0.12040285,0.12032066,0.120350495,0.12671104
2018-11-20,0.44309196,0.11133615,0.11133799,0.11133611,0.1113397,0.111558184
2018-11-21,0.11559985,0.11723058,0.11593666,0.25410277,0.115574054,0.28155616
2018-11-23,0.099788114,0.099894926,0.09982579,0.09977839,0.49731287,0.1033998
2018-11-26,0.10949141,0.10948979,0.44441548,0.10948819,0.10949485,0.11762033
2018-11-27,0.10344161,0.10359839,0.10349692,0.10342735,0.47725466,0.10878102
2018-11-28,0.10968346,0.109681815,0.44326487,0.10968018,0.10968698,0.11800261
2018-11-29,0.11559985,0.11723058,0.11593666,0.25410277,0.115574054,0.28155616
2018-11-30,0.12207421,0.38180652,0.12214751,0.1220478,0.12208397,0.12983996
2018-12-03,0.12209677,0.38167498,0.12217025,0.1220703,0.12210656,0.12988119
2018-12-04,0.12199985,0.38224012,0.122072585,0.12197365,0.12200955,0.12970415
2018-12-06,0.44202563,0.11151334,0.111516595,0.111513264,0.1115197,0.111911446
2018-12-07,0.10918031,0.10917876,0.44627652,0.10917723,0.109183624,0.11700354
2018-12-10,0.11559985,0.11723058,0.11593666,0.25410277,0.115574054,0.28155616
2018-12-11,0.11559985,0.11723058,0.11593666,0.25410277,0.115574054,0.28155616
2018-12-12,0.0978049,0.09788611,0.09783355,0.097797506,0.5081378,0.100540206
2018-12-13,0.10837713,0.108375736,0.45106813,0.108374335,0.108380124,0.115424514
2018-12-14,0.098202884,0.098289154,0.09823332,0.09819504,0.50596887,0.10111071
2018-12-17,0.11887611,0.40034106,0.11892604,0.118858114,0.11888276,0.124115966
2018-12-18,0.11881612,0.4006863,0.11886564,0.11879829,0.11882272,0.12401086
2018-12-19,0.11907101,0.39921817,0.1191223,0.11905253,0.11907785,0.124458134
2018-12-20,0.4427378,0.11139502,0.11139731,0.111394964,0.1113995,0.11167543
2018-12-21,0.11559985,0.11723058,0.11593666,0.25410277,0.115574054,0.28155616
2018-12-24,0.10919053,0.10943377,0.10927632,0.10916843,0.44536072,0.11757024
2018-12-26,0.12002923,0.39368537,0.12008738,0.12000828,0.12003699,0.12615268
2018-12-27,0.109024405,0.109022886,0.44720817,0.10902138,0.10902767,0.116695516
2018-12-28,0.10903882,0.109037295,0.44712195,0.10903579,0.10904209,0.11672399
2018-12-31,0.11559985,0.11723058,0.11593666,0.25410277,0.115574054,0.28155616
2019-01-02,0.121042125,0.38781422,0.12110769,0.1210185,0.12105087,0.12796664
2019-01-03,0.11559985,0.11723058,0.11593666,0.25410277,0.115574054,0.28155616
2019-01-04,0.11559985,0.11723058,0.11593666,0.25410277,0.115574054,0.28155616
2019-01-07,0.10862642,0.108624965,0.449583,0.10862353,0.10862951,0.11591255
2019-01-08,0.10094647,0.101068735,0.10098962,0.100935355,0.4909701,0.10508972
2019-01-09,0.120704465,0.38977396,0.12076755,0.12068174,0.12071286,0.1273593
2019-01-10,0.12052832,0.3907954,0.120590106,0.12050606,0.12053655,0.1270435
2019-01-11,0.11995876,0.39409322,0.120016396,0.11993799,0.119966425,0.12602732
2019-01-14,0.10882581,0.108824335,0.44839376,0.10882285,0.10882899,0.11630423
2019-01-15,0.093715444,0.09374706,0.0937266,0.09371256,0.53032625,0.09477216
2019-01-16,0.1093161,0.10931452,0.4454646,0.10931297,0.10931948,0.11727241
2019-01-17,0.09351796,0.09354731,0.093528315,0.0935153,0.5313932,0.09449787
2019-01-18,0.119321704,0.39777255,0.11937479,0.11930259,0.1193288,0.12489951
2019-01-22,0.11938767,0.39739215,0.119441204,0.11936837,0.1193948,0.12501584
2019-01-23,0.11559985,0.11723058,0.11593666,0.25410277,0.115574054,0.28155616
2019-01-24,0.0936915,0.09372286,0.09370257,0.09368866,0.5304555,0.0947389
2019-01-25,0.44172004,0.1115641,0.11156777,0.11156401,0.11157129,0.11201284
2019-01-28,0.11049427,0.110492475,0.43839538,0.11049069,0.11049814,0.11962897
2019-01-29,0.44147056,0.11160552,0.111609526,0.11160542,0.111613356,0.11209563
2019-01-30,0.12080092,0.38921443,0.120864704,0.12077794,0.12080942,0.12753253
2019-01-31,0.44174838,0.11155938,0.11156302,0.111559294,0.11156649,0.112003416
2019-02-01,0.11559985,0.11723058,0.11593666,0.25410277,0.115574054,0.28155616
2019-02-04,0.11026435,0.11026261,0.43977848,0.11026087,0.11026811,0.11916568
2019-02-05,0.44178993,0.11155249,0.111556076,0.1115524,0.11155949,0.11198962
2019-02-06,0.11958069,0.3962778,0.11963561,0.119560905,0.11958802,0.12535691
2019-02-07,0.11559985,0.11723058,0.11593666,0.25410277,0.115574054,0.28155616
2019-02-08,0.09497032,0.09501672,0.0949867,0.094966106,0.52353585,0.09652425
2019-02-11,0.095005766,0.09505259,0.09502229,0.09500151,0.523344,0.09657396
2019-02-12,0.11897292,0.39978343,0.11902352,0.11895469,0.11897966,0.12428583
2019-02-13,0.442641,0.111411095,0.11141351,0.11141103,0.11141584,0.11170745
2019-02-14,0.11877784,0.40090686,0.11882707,0.118760094,0.1187844,0.123943776
2019-02-15,0.109829515,0.10982785,0.4423893,0.109826185,0.10983309,0.11829405
2019-02-19,0.11559985,0.11723058,0.11593666,0.25410277,0.115574054,0.28155616
2019-02-20,0.11916346,0.39868525,0.11921541,0.119144745,0.11917038,0.124620736
2019-02-21,0.10940912,0.10940754,0.44490787,0.10940596,0.10941255,0.117456935
2019-02-22,0.109435044,0.10943345,0.44475284,0.109431855,0.10943846,0.11750837
2019-02-25,0.44246256,0.11144077,0.111443445,0.1114407,0.111445986,0.111766614
2019-02-26,0.11559985,0.11723058,0.11593666,0.25410277,0.115574054,0.28155616
2019-02-27,0.11559985,0.11723058,0.11593666,0.25410277,0.115574054,0.28155616
2019-02-28,0.11038819,0.110386394,0.43903384,0.11038463,0.11039198,0.119414985
2019-03-01,0.120074496,0.39342368,0.12013297,0.120053425,0.12008228,0.12623322
2019-03-04,0.110738255,0.11073641,0.4369262,0.11073457,0.11074221,0.12012237
2019-03-05,0.12030499,0.39208946,0.12036514,0.12028333,0.120313,0.12664416
2019-03-06,0.11559985,0.11723058,0.11593666,0.25410277,0.115574054,0.28155616
2019-03-07,0.12028062,0.39223054,0.1203406,0.12025902,0.12028862,0.12660067
2019-03-08,0.11559985,0.11723058,0.11593666,0.25410277,0.115574054,0.28155616
2019-03-11,0.11559985,0.11723058,0.11593666,0.25410277,0.115574054,0.28155616
2019-03-12,0.4420705,0.111505866,0.11150908,0.111505784,0.111512125,0.11189654
2019-03-13,0.11985544,0.39469048,0.11991234,0.11983494,0.11986302,0.12584378
2019-03-14,0.11962638,0.39601398,0.11968163,0.11960648,0.11963375,0.12543775
2019-03-15,0.110991076,0.11098917,0.4354017,0.1109873,0.110995136,0.12063568
2019-03-18,0.11559985,0.11723058,0.11593666,0.25410277,0.115574054,0.28155616
2019-03-19,0.11032104,0.11031926,0.43943754,0.11031752,0.11032482,0.11927976
2019-03-20,0.11559985,0.11723058,0.11593666,0.25410277,0.115574054,0.28155616
2019-03-21,0.11559985,0.11723058,0.11593666,0.25410277,0.115574054,0.28155616
2019-03-22,0.09730298,0.09737788,0.09732941,0.09729617,0.51087046,0.09982309
2019-03-25,0.10998398,0.109982274,0.4414626,0.10998058,0.10998763,0.11860299
2019-03-26,0.11949058,0.39679807,0.11954487,0.11947102,0.11949782,0.12519759
2019-03-27,0.44311237,0.11133274,0.11133452,0.1113327,0.11133624,0.1115514
2019-03-28,0.11995969,0.39408764,0.12001734,0.119938925,0.119967386,0.12602898
2019-03-29,0.120346986,0.39184615,0.12040745,0.12032521,0.120355055,0.12671919
2019-04-01,0.1205147,0.39087442,0.12057637,0.12049247,0.12052291,0.1270191
2019-04-02,0.10012605,0.10023734,0.10016531,0.100115925,0.49546406,0.10389129
2019-04-03,0.111419074,0.1114171,0.43281603,0.11141513,0.111423336,0.12150937
2019-04-04,0.09966997,0.09977524,0.099707104,0.0996604,0.49795905,0.10322826
2019-04-05,0.12050337,0.3909401,0.12056498,0.12048119,0.12051159,0.12699884
2019-04-08,0.44229618,0.11146839,0.111471295,0.11146833,0.111474045,0.11182173
2019-04-09,0.1111204,0.11111849,0.43462092,0.111116566,0.11112452,0.12089907
2019-04-10,0.11965391,0.395855,0.11970935,0.11963393,0.119661294,0.1254865
2019-04-11,0.1193731,0.39747608,0.11942654,0.119353846,0.11938023,0.12499015
2019-04-12,0.10981493,0.10981326,0.4424768,0.1098116,0.109818496,0.118264906
2019-04-15,0.11895831,0.39986756,0.11900881,0.11894011,0.11896504,0.12426018
2019-04-16,0.44214255,0.11149391,0.11149701,0.11149383,0.11149997,0.111872666
2019-04-17,0.09698149,0.097052366,0.09700649,0.09697503,0.51261955,0.09936511
2019-04-18,0.118680105,0.40146923,0.11872866,0.11866261,0.11868658,0.123772755
2019-04-22,0.11559985,0.11723058,0.11593666,0.25410277,0.115574054,0.28155616
2019-04-23,0.109919675,0.10991798,0.44184852,0.10991631,0.10992329,0.11847428
2019-04-24,0.11026488,0.11026313,0.43977523,0.11026139,0.110268645,0.119166754
2019-04-25,0.11909537,0.39907783,0.119146846,0.119076826,0.11910223,0.12450096
2019-04-26,0.11559985,0.11723058,0.11593666,0.25410277,0.115574054,0.28155616
2019-04-29,0.4418463,0.11154312,0.11154663,0.11154303,0.111549966,0.11197091
2019-04-30,0.099852085,0.099959746,0.09989007,0.099842295,0.49696305,0.103492744
2019-05-01,0.111308746,0.111306794,0.43348315,0.11130484,0.111312956,0.12128358
2019-05-02,0.11106533,0.111063406,0.43495342,0.11106151,0.11106941,0.12078684
2019-05-03,0.120497726,0.39097285,0.12055928,0.12047555,0.12050593,0.12698874
2019-05-06,0.11559985,0.11723058,0.11593666,0.25410277,0.115574054,0.28155616
2019-05-07,0.10055645,0.10067346,0.100597724,0.1005458,0.49310747,0.10451907
2019-05-08,0.4428083,0.111383304,0.11138551,0.11138325,0.1113876,0.11165209
2019-05-09,0.10957692,0.109575294,0.44390336,0.10957368,0.1095804,0.117790386
2019-05-10,0.10185138,0.10198596,0.10189885,0.10183914,0.48600447,0.10642025
2019-05-13,0.12011815,0.39317104,0.12017693,0.12009696,0.12012599,0.12631094
2019-05-14,0.1199414,0.3941935,0.11999892,0.119920686,0.11994906,0.12599649
2019-05-15,0.11559985,0.11723058,0.11593666,0.25410277,0.115574054,0.28155616
2019-05-16,0.11559985,0.11723058,0.11593666,0.25410277,0.115574054,0.28155616
2019-05-17,0.119273864,0.39804858,0.119326614,0.11925487,0.11928091,0.124815166
2019-05-20,0.11559985,0.11723058,0.11593666,0.25410277,0.115574054,0.28155616
2019-05-21,0.11559985,0.11723058,0.11593666,0.25410277,0.115574054,0.28155616
2019-05-22,0.11899045,0.39968237,0.119041175,0.11897217,0.11899721,0.1243166
2019-05-23,0.11900168,0.39961767,0.119052485,0.11898337,0.11900845,0.124336354
2019-05-24,0.10420166,0.10436931,0.1042608,0.10418642,0.47306207,0.10991975
2019-05-28,0.109761186,0.10975953,0.4427991,0.109757885,0.10976474,0.118157625
2019-05-29,0.442778,0.11138833,0.111390576,0.11138828,0.111392714,0.11166212
2019-05-30,0.110198826,0.11019708,0.4401722,0.11019535,0.110202566,0.11903397
2019-05-31,0.11981314,0.39493507,0.119869724,0.11979275,0.11982068,0.1257687
2019-06-03,0.110255286,0.110253535,0.43983284,0.11025179,0.11025904,0.11914746
2019-06-04,0.120587066,0.39045474,0.120649286,0.12056467,0.120595366,0.12714878
2019-06-05,0.10826282,0.10849141,0.10834345,0.10824204,0.45053673,0.11612359
2019-06-06,0.10875502,0.108753555,0.44881606,0.108752094,0.108758174,0.11616506
2019-06-07,0.10504663,0.105226554,0.1051101,0.105030276,0.4683927,0.11119377
2019-06-10,0.10270716,0.1028536,0.102758825,0.10269385,0.48129946,0.10768707
2019-06-11,0.11559985,0.11723058,0.11593666,0.25410277,0.115574054,0.28155616
2019-06-12,0.443346,0.1112939,0.11129538,0.11129386,0.11129678,0.111474104
2019-06-13,0.12014683,0.39300486,0.12020584,0.12012559,0.12015471,0.12636207
2019-06-14,0.44333756,0.1112953,0.11129679,0.11129525,0.1112982,0.11147688
2019-06-17,0.09665489,0.09672173,0.09667847,0.09664881,0.5143951,0.098900996
2019-06-18,0.11963918,0.39593995,0.11969454,0.11961925,0.11964656,0.12546045
2019-06-19,0.10776036,0.10775908,0.45473468,0.1077578,0.10776313,0.11422489
2019-06-20,0.44304296,0.11134431,0.11134619,0.111344256,0.11134797,0.1115744
2019-06-21,0.4430553,0.11134223,0.11134411,0.11134219,0.11134589,0.11157029
2019-06-24,0.10813082,0.108129464,0.45253378,0.108128116,0.108133726,0.1149441
2019-06-25,0.11911724,0.39895174,0.11916887,0.11909864,0.11912411,0.12453942
2019-06-26,0.442821,0.111381166,0.111383356,0.11138111,0.11138544,0.11164782
2019-06-27,0.11559985,0.11723058,0.11593666,0.25410277,0.115574054,0.28155616
2019-06-28,0.11559985,0.11723058,0.11593666,0.25410277,0.115574054,0.28155616
2019-07-01,0.11559985,0.11723058,0.11593666,0.25410277,0.115574054,0.28155616
2019-07-02,0.119748615,0.39530793,0.11980474,0.11972839,0.119756095,0.12565427
2019-07-03,0.108955294,0.10895378,0.4476209,0.10895229,0.10895853,0.116559215
2019-07-05,0.44224247,0.11147733,0.111480296,0.11147725,0.11148312,0.111839555
2019-07-08,0.09953193,0.09963539,0.099568434,0.09952252,0.49871364,0.10302805
2019-07-09,0.11559985,0.11723058,0.11593666,0.25410277,0.115574054,0.28155616
2019-07-10,0.44177553,0.11155489,0.111558475,0.11155479,0.111561924,0.11199441
2019-07-11,0.11933906,0.3976726,0.11939226,0.11931989,0.11934616,0.12493009
2019-07-12,0.09858044,0.09867155,0.09861259,0.09857216,0.50390977,0.10165348
2019-07-15,0.09808156,0.09816628,0.09811145,0.098073855,0.50663024,0.10093662
2019-07-16,0.097975925,0.09805932,0.098005354,0.097968355,0.5072059,0.10078517
2019-07-17,0.11559985,0.11723058,0.11593666,0.25410277,0.115574054,0.28155616
2019-07-18,0.09854412,0.09863476,0.098576106,0.09853587,0.504108,0.10160118
2019-07-19,0.11559985,0.11723058,0.11593666,0.25410277,0.115574054,0.28155616
2019-07-22,0.11880994,0.400722,0.1188594,0.118792124,0.11881654,0.124000005
2019-07-23,0.11884414,0.400525,0.11889383,0.11882623,0.11885076,0.12405995
2019-07-24,0.10935893,0.10935735,0.44520822,0.10935577,0.10936232,0.117357336
2019-07-25,0.11559985,0.11723058,0.11593666,0.25410277,0.115574054,0.28155616
2019-07-26,0.44143835,0.11161086,0.111614905,0.11161075,0.11161878,0.11210632
2019-07-29,0.44135454,0.11162478,0.11162894,0.111624666,0.11163293,0.11213415
2019-07-30,0.11008117,0.11007946,0.44087884,0.11007775,0.11008486,0.11879782
2019-07-31,0.120136976,0.39306206,0.1201959,0.12011574,0.12014483,0.12634449
2019-08-01,0.10453806,0.10471057,0.1045989,0.10452238,0.47120425,0.11042593
2019-08-02,0.10484809,0.105025105,0.10491053,0.10483199,0.4694906,0.11089364
2019-08-05,0.44163084,0.11157891,0.111582704,0.111578815,0.11158633,0.11204243
2019-08-06,0.12034862,0.39183673,0.12040907,0.120326824,0.12035666,0.12672208
2019-08-07,0.10858827,0.108821966,0.1086707,0.10856703,0.44872227,0.116629794
2019-08-08,0.10868916,0.10868771,0.449209,0.10868625,0.10869228,0.116035685
2019-08-09,0.44273886,0.11139482,0.11139712,0.11139477,0.11139931,0.111675054
2019-08-12,0.10845101,0.10868256,0.108532675,0.10842997,0.44948775,0.116416134
2019-08-13,0.44303143,0.1113462,0.1113481,0.11134615,0.111349896,0.11157818
2019-08-14,0.108022414,0.10802107,0.45317838,0.10801975,0.10802527,0.11473321
2019-08-15,0.11559985,0.11723058,0.11593666,0.25410277,0.115574054,0.28155616
2019-08-16,0.44322437,0.11131412,0.11131575,0.11131407,0.11131732,0.11151434
2019-08-19,0.108100094,0.108098745,0.45271647,0.108097404,0.10810298,0.11488432
2019-08-20,0.11559985,0.11723058,0.11593666,0.25410277,0.115574054,0.28155616
2019-08-21,0.10884849,0.108847,0.4482585,0.10884552,0.10885167,0.11634885
2019-08-22,0.11948252,0.39684477,0.11953673,0.11946297,0.11948973,0.1251833
2019-08-23,0.11001674,0.11001503,0.441266,0.11001333,0.1100204,0.11866859
2019-08-26,0.11947154,0.39690793,0.119525686,0.11945203,0.11947875,0.12516394
2019-08-27,0.10459566,0.104769014,0.104656816,0.1045799,0.4708859,0.11051273
2019-08-28,0.11989705,0.39444992,0.11995424,0.119876444,0.119904675,0.12591769
2019-08-29,0.104982734,0.10516173,0.105045885,0.10496647,0.46874604,0.11109713
2019-08-30,0.11559985,0.11723058,0.11593666,0.25410277,0.115574054,0.28155616
2019-09-03,0.120143816,0.3930224,0.120202795,0.12012256,0.120151676,0.12635668
2019-09-04,0.43974173,0.11189228,0.11189865,0.11189213,0.11190472,0.11267056
2019-09-05,0.43985775,0.11187306,0.11187927,0.111872904,0.11188519,0.11263192
2019-09-06,0.11559985,0.11723058,0.11593666,0.25410277,0.115574054,0.28155616
2019-09-09,0.11012994,0.11012821,0.44058615,0.11012649,0.11013364,0.118895605
2019-09-10,0.11044328,0.11044149,0.43870223,0.11043971,0.110447116,0.119526066
2019-09-11,0.098383136,0.09847171,0.098414384,0.09837508,0.50498605,0.10136965
2019-09-12,0.11559985,0.11723058,0.11593666,0.25410277,0.115574054,0.28155616
2019-09-13,0.43659288,0.11241331,0.112423986,0.112413034,0.11243418,0.113722615
2019-09-16,0.11112277,0.11112086,0.43460664,0.11111896,0.11112689,0.1209039
2019-09-17,0.09685445,0.09692376,0.09687891,0.096848145,0.51331025,0.09918447
2019-09-18,0.43259633,0.11307224,0.113088444,0.11307183,0.11310394,0.11506714
2019-09-19,0.09707272,0.097144745,0.097098134,0.09706617,0.5121232,0.099494986
2019-09-20,0.11178926,0.111787215,0.43057492,0.11178517,0.11179367,0.12226985
2019-09-23,0.118238166,0.40401033,0.118283644,0.11822179,0.11824422,0.12300185
2019-09-24,0.11559985,0.11723058,0.11593666,0.25410277,0.115574054,0.28155616
2019-09-25,0.43655062,0.11242029,0.11243102,0.112420015,0.11244127,0.11373679
2019-09-26,0.10080624,0.10092662,0.10084871,0.1007953,0.49173883,0.104884356
2019-09-27,0.10196193,0.10209803,0.10200996,0.101949565,0.485397,0.10658345
2019-09-30,0.111276016,0.11127406,0.43368095,0.11127213,0.1112802,0.12121667
2019-10-01,0.11979614,0.39503315,0.11985262,0.119775794,0.119803675,0.12573858
2019-10-02,0.1120571,0.11205499,0.42895058,0.11205289,0.112061605,0.12282287
2019-10-03,0.120329976,0.39194468,0.1203903,0.12030825,0.12033802,0.12668878
2019-10-04,0.11559985,0.11723058,0.11593666,0.25410277,0.115574054,0.28155616
2019-10-07,0.10674141,0.10694659,0.10681377,0.10672275,0.4590001,0.11377534
2019-10-08,0.105992794,0.10618672,0.106061205,0.105975166,0.46315336,0.11263065
2019-10-09,0.10553556,0.10572269,0.105601564,0.10551855,0.4656868,0.1119349
2019-10-10,0.44152308,0.11159679,0.11160075,0.111596696,0.111604504,0.112078205
2019-10-11,0.11559985,0.11723058,0.11593666,0.25410277,0.115574054,0.28155616
2019-10-14,0.10268192,0.10282802,0.10273345,0.10266864,0.4814383,0.107649595
2019-10-15,0.44073945,0.11172684,0.11173184,0.11172672,0.111736625,0.11233853
2019-10-16,0.10092028,0.101042196,0.100963295,0.100909196,0.49111375,0.10505135
2019-10-17,0.11034417,0.110342406,0.43929845,0.11034064,0.11034797,0.119326316
2019-10-18,0.11559985,0.11723058,0.11593666,0.25410277,0.115574054,0.28155616
2019-10-21,0.4377362,0.1122243,0.11223342,0.11222408,0.112242095,0.11333988
2019-10-22,0.098564535,0.09865543,0.09859661,0.098556265,0.50399655,0.10163057
2019-10-23,0.11559985,0.11723058,0.11593666,0.25410277,0.115574054,0.28155616
2019-10-24,0.11126558,0.111263625,0.43374404,0.111261696,0.11126975,0.121195346
2019-10-25,0.43545586,0.112601034,0.11261328,0.11260072,0.11262497,0.11410407
2019-10-28,0.111148104,0.111146174,0.43445358,0.111144274,0.11115225,0.12095556
2019-10-29,0.43576673,0.11254973,0.11256156,0.11254945,0.112572834,0.1139997
2019-10-30,0.43600902,0.112509735,0.11252123,0.11250945,0.11253219,0.113918394
2019-10-31,0.11950554,0.3967117,0.11955993,0.11948595,0.11951279,0.12522404
2019-11-01,0.43714696,0.11232173,0.11233166,0.112321496,0.11234111,0.11353702
2019-11-04,0.10059164,0.10070914,0.10063309,0.10058096,0.4929146,0.104570486
2019-11-05,0.10009558,0.100206465,0.10013469,0.10008549,0.49563074,0.10384693
2019-11-06,0.11065311,0.11065127,0.4374392,0.11064946,0.11065703,0.11994996
2019-11-07,0.110623695,0.11062187,0.43761635,0.11062006,0.11062761,0.11989047
2019-11-08,0.11559985,0.11723058,0.11593666,0.25410277,0.115574054,0.28155616
2019-11-11,0.1192033,0.39845553,0.11925555,0.11918449,0.11921027,0.12469088
2019-11-12,0.11559985,0.11723058,0.11593666,0.25410277,0.115574054,0.28155616
2019-11-13,0.119025856,0.39947838,0.11907683,0.11900748,0.119032644,0.1243788
2019-11-14,0.118848026,0.40050268,0.11889775,0.1188301,0.11885464,0.12406674
2019-11-15,0.09923966,0.09933929,0.099274814,0.099230595,0.5003108,0.10260478
2019-11-18,0.09933264,0.099433474,0.099368215,0.09932345,0.49980292,0.10273932
2019-11-19,0.09956328,0.09966713,0.09959992,0.09955382,0.4985424,0.10307348
2019-11-20,0.11559985,0.11723058,0.11593666,0.25410277,0.115574054,0.28155616
2019-11-21,0.44020134,0.11181609,0.11182182,0.111815944,0.11182731,0.11251753
2019-11-22,0.111854844,0.11185278,0.43017727,0.11185073,0.11185928,0.12240506
2019-11-25,0.11559985,0.11723058,0.11593666,0.25410277,0.115574054,0.28155616
2019-11-26,0.11559985,0.11723058,0.11593666,0.25410277,0.115574054,0.28155616
2019-11-27,0.11187495,0.111872874,0.43005538,0.11187081,0.111879386,0.12244652
2019-11-29,0.11559985,0.11723058,0.11593666,0.25410277,0.115574054,0.28155616
2019-12-02,0.44067702,0.1117372,0.111742295,0.11173707,0.111747146,0.11235929
2019-12-03,0.11227853,0.112276375,0.4276058,0.11227424,0.11228313,0.12328192
2019-12-04,0.112055264,0.112053156,0.42896158,0.112051055,0.11205978,0.12281912
2019-12-05,0.11559985,0.11723058,0.11593666,0.25410277,0.115574054,0.28155616
2019-12-06,0.10503203,0.10521174,0.10509542,0.10501569,0.4684735,0.11117167
2019-12-09,0.11559985,0.11723058,0.11593666,0.25410277,0.115574054,0.28155616
2019-12-10,0.1196351,0.3959636,0.11969042,0.11961518,0.119642474,0.12545319
2019-12-11,0.103462905,0.10362,0.10351832,0.10344862,0.47713736,0.10881283
2019-12-12,0.10339002,0.103546076,0.10344508,0.10337584,0.47753897,0.108703986
2019-12-13,0.10317199,0.10332496,0.10322595,0.10315808,0.47874027,0.10837869
2019-12-16,0.10303283,0.10318384,0.10308609,0.103019096,0.4795068,0.108171366
2019-12-17,0.110076,0.11007428,0.44090998,0.11007258,0.11007969,0.118787415
2019-12-18,0.110212564,0.11021082,0.4400896,0.11020909,0.11021632,0.11906158
2019-12-19,0.1012338,0.10135995,0.101278305,0.10122233,0.48939443,0.10551119
2019-12-20,0.118591145,0.4019812,0.11863908,0.11857388,0.11859753,0.123617224
2019-12-23,0.43750066,0.11226324,0.11227268,0.112263,0.112281665,0.11341864
2019-12-24,0.10142936,0.101558164,0.10147479,0.101417646,0.48832142,0.10579858
2019-12-26,0.11559985,0.11723058,0.11593666,0.25410277,0.115574054,0.28155616
2019-12-27,0.11559985,0.11723058,0.11593666,0.25410277,0.115574054,0.28155616
2019-12-30,0.11075234,0.11075049,0.43684122,0.110748656,0.11075632,0.120150946
2019-12-31,0.1027475,0.102894515,0.102799356,0.10273413,0.48107743,0.107747
